[
  {
    "slug": "agen",
    "name": "Agen (47) - Service clé en main | Déménagement Zen"
  },
  {
    "slug": "ajaccio",
    "name": "professionnel à Agen"
  },
  {
    "slug": "albi",
    "name": "Albi (81) - Service clé en main | Déménagement Zen"
  },
  {
    "slug": "alencon",
    "name": "Alençon (61) - Service clé en main | Déménagement Zen"
  },
  {
    "slug": "amiens",
    "name": "Amiens (80) - Service clé en main | Déménagement Zen"
  },
  {
    "slug": "angers",
    "name": "Angers (49) - Service clé en main | Déménagement Zen"
  },
  {
    "slug": "angouleme",
    "name": "Angoulême (16) - Service clé en main | Déménagement Zen"
  },
  {
    "slug": "annecy",
    "name": "Annecy (74) - Service clé en main | Déménagement Zen"
  },
  {
    "slug": "arras",
    "name": "Arras (62) - Service clé en main | Déménagement Zen"
  },
  {
    "slug": "auch",
    "name": "Auch (32) - Service clé en main | Déménagement Zen"
  },
  {
    "slug": "aurillac",
    "name": "Aurillac (15) - Service clé en main | Déménagement Zen"
  },
  {
    "slug": "auxerre",
    "name": "Auxerre (89) - Service clé en main | Déménagement Zen"
  },
  {
    "slug": "avignon",
    "name": "Avignon (84) - Service clé en main | Déménagement Zen"
  },
  {
    "slug": "bar-le-duc",
    "name": "Bar-le-Duc (55) - Service clé en main | Déménagement Zen"
  },
  {
    "slug": "bastia",
    "name": "professionnel à Agen"
  },
  {
    "slug": "beauvais",
    "name": "Beauvais (60) - Service clé en main | Déménagement Zen"
  },
  {
    "slug": "belfort",
    "name": "Belfort (90) - Service clé en main | Déménagement Zen"
  },
  {
    "slug": "besancon",
    "name": "Besançon (25) - Service clé en main | Déménagement Zen"
  },
  {
    "slug": "blois",
    "name": "Blois (41) - Service clé en main | Déménagement Zen"
  },
  {
    "slug": "bobigny",
    "name": "Bobigny (93) - Service clé en main | Déménagement Zen"
  },
  {
    "slug": "bordeaux",
    "name": "Bordeaux (33) - Service clé en main | Déménagement Zen"
  },
  {
    "slug": "bourg-en-bresse",
    "name": "Bourg-en-Bresse (01) - Service clé en main | Déménagement Zen"
  },
  {
    "slug": "bourges",
    "name": "Bourges (18) - Service clé en main | Déménagement Zen"
  },
  {
    "slug": "brest",
    "name": "Brest (29) - Service clé en main | Déménagement Zen"
  },
  {
    "slug": "caen",
    "name": "Caen (14) - Service clé en main | Déménagement Zen"
  },
  {
    "slug": "cahors",
    "name": "Cahors (46) - Service clé en main | Déménagement Zen"
  },
  {
    "slug": "carcassonne",
    "name": "Carcassonne (11) - Service clé en main | Déménagement Zen"
  },
  {
    "slug": "cergy",
    "name": "Cergy (95) - Service clé en main | Déménagement Zen"
  },
  {
    "slug": "chambery",
    "name": "Chambéry (73) - Service clé en main | Déménagement Zen"
  },
  {
    "slug": "charleville-mezieres",
    "name": "Charleville-Mézières (08) - Service clé en main | Déménagement Zen"
  },
  {
    "slug": "chartres",
    "name": "Chartres (28) - Service clé en main | Déménagement Zen"
  },
  {
    "slug": "chateauroux",
    "name": "Châteauroux (36) - Service clé en main | Déménagement Zen"
  },
  {
    "slug": "chaumont",
    "name": "Chaumont (52) - Service clé en main | Déménagement Zen"
  },
  {
    "slug": "clermont-ferrand",
    "name": "Clermont-Ferrand (63) - Service clé en main | Déménagement Zen"
  },
  {
    "slug": "creteil",
    "name": "Créteil (94) - Service clé en main | Déménagement Zen"
  },
  {
    "slug": "digne-les-bains",
    "name": "Digne-les-Bains (04) - Service clé en main | Déménagement Zen"
  },
  {
    "slug": "dijon",
    "name": "Dijon (21) - Service clé en main | Déménagement Zen"
  },
  {
    "slug": "epinal",
    "name": "Épinal (88) - Service clé en main | Déménagement Zen"
  },
  {
    "slug": "evreux",
    "name": "Évreux (27) - Service clé en main | Déménagement Zen"
  },
  {
    "slug": "evry",
    "name": "Évry (91) - Service clé en main | Déménagement Zen"
  },
  {
    "slug": "foix",
    "name": "Foix (09) - Service clé en main | Déménagement Zen"
  },
  {
    "slug": "gap",
    "name": "Gap (05) - Service clé en main | Déménagement Zen"
  },
  {
    "slug": "grenoble",
    "name": "Grenoble (38) - Service clé en main | Déménagement Zen"
  },
  {
    "slug": "gueret",
    "name": "Guéret (23) - Service clé en main | Déménagement Zen"
  },
  {
    "slug": "la-roche-sur-yon",
    "name": "La Roche-sur-Yon (85) - Service clé en main | Déménagement Zen"
  },
  {
    "slug": "la-rochelle",
    "name": "La Rochelle (17) - Service clé en main | Déménagement Zen"
  },
  {
    "slug": "laon",
    "name": "Laon (02) - Service clé en main | Déménagement Zen"
  },
  {
    "slug": "laval",
    "name": "Laval (53) - Service clé en main | Déménagement Zen"
  },
  {
    "slug": "le-mans",
    "name": "Le Mans (72) - Service clé en main | Déménagement Zen"
  },
  {
    "slug": "le-puy-en-velay",
    "name": "Le Puy-en-Velay (43) - Service clé en main | Déménagement Zen"
  },
  {
    "slug": "lille",
    "name": "Lille (59) - Service clé en main | Déménagement Zen"
  },
  {
    "slug": "limoges",
    "name": "Limoges (87) - Service clé en main | Déménagement Zen"
  },
  {
    "slug": "lons-le-saunier",
    "name": "Lons-le-Saunier (39) - Service clé en main | Déménagement Zen"
  },
  {
    "slug": "lyon",
    "name": "Lyon (69) - Service clé en main | Déménagement Zen"
  },
  {
    "slug": "macon",
    "name": "Mâcon (71) - Service clé en main | Déménagement Zen"
  },
  {
    "slug": "marseille",
    "name": "Marseille (13) - Service clé en main | Déménagement Zen"
  },
  {
    "slug": "melun",
    "name": "Melun (77) - Service clé en main | Déménagement Zen"
  },
  {
    "slug": "mende",
    "name": "Mende (48) - Service clé en main | Déménagement Zen"
  },
  {
    "slug": "metz",
    "name": "Metz (57) - Service clé en main | Déménagement Zen"
  },
  {
    "slug": "mont-de-marsan",
    "name": "Mont-de-Marsan (40) - Service clé en main | Déménagement Zen"
  },
  {
    "slug": "montauban",
    "name": "Montauban (82) - Service clé en main | Déménagement Zen"
  },
  {
    "slug": "montpellier",
    "name": "Montpellier (34) - Service clé en main | Déménagement Zen"
  },
  {
    "slug": "moulins",
    "name": "Moulins (03) - Service clé en main | Déménagement Zen"
  },
  {
    "slug": "mulhouse",
    "name": "professionnel à Agen"
  },
  {
    "slug": "nancy",
    "name": "Nancy (54) - Service clé en main | Déménagement Zen"
  },
  {
    "slug": "nanterre",
    "name": "Nanterre (92) - Service clé en main | Déménagement Zen"
  },
  {
    "slug": "nantes",
    "name": "Nantes (44) - Service clé en main | Déménagement Zen"
  },
  {
    "slug": "nevers",
    "name": "Nevers (58) - Service clé en main | Déménagement Zen"
  },
  {
    "slug": "nice",
    "name": "Nice (06) - Service clé en main | Déménagement Zen"
  },
  {
    "slug": "nimes",
    "name": "Nîmes (30) - Service clé en main | Déménagement Zen"
  },
  {
    "slug": "niort",
    "name": "Niort (79) - Service clé en main | Déménagement Zen"
  },
  {
    "slug": "orleans",
    "name": "Orléans (45) - Service clé en main | Déménagement Zen"
  },
  {
    "slug": "paris",
    "name": "Paris (75) - Service clé en main | Déménagement Zen"
  },
  {
    "slug": "pau",
    "name": "Pau (64) - Service clé en main | Déménagement Zen"
  },
  {
    "slug": "perigueux",
    "name": "Périgueux (24) - Service clé en main | Déménagement Zen"
  },
  {
    "slug": "perpignan",
    "name": "Perpignan (66) - Service clé en main | Déménagement Zen"
  },
  {
    "slug": "poitiers",
    "name": "Poitiers (86) - Service clé en main | Déménagement Zen"
  },
  {
    "slug": "privas",
    "name": "Privas (07) - Service clé en main | Déménagement Zen"
  },
  {
    "slug": "reims",
    "name": "professionnel à Agen"
  },
  {
    "slug": "rennes",
    "name": "Rennes (35) - Service clé en main | Déménagement Zen"
  },
  {
    "slug": "rodez",
    "name": "Rodez (12) - Service clé en main | Déménagement Zen"
  },
  {
    "slug": "rouen",
    "name": "Rouen (76) - Service clé en main | Déménagement Zen"
  },
  {
    "slug": "saint-brieuc",
    "name": "Saint-Brieuc (22) - Service clé en main | Déménagement Zen"
  },
  {
    "slug": "saint-etienne",
    "name": "Saint-Étienne (42) - Service clé en main | Déménagement Zen"
  },
  {
    "slug": "saint-lo",
    "name": "Saint-Lô (50) - Service clé en main | Déménagement Zen"
  },
  {
    "slug": "strasbourg",
    "name": "Strasbourg (67) - Service clé en main | Déménagement Zen"
  },
  {
    "slug": "tarbes",
    "name": "Tarbes (65) - Service clé en main | Déménagement Zen"
  },
  {
    "slug": "toulon",
    "name": "Toulon (83) - Service clé en main | Déménagement Zen"
  },
  {
    "slug": "toulouse",
    "name": "Toulouse (31) - Service clé en main | Déménagement Zen"
  },
  {
    "slug": "tours",
    "name": "Tours (37) - Service clé en main | Déménagement Zen"
  },
  {
    "slug": "troyes",
    "name": "Troyes (10) - Service clé en main | Déménagement Zen"
  },
  {
    "slug": "tulle",
    "name": "Tulle (19) - Service clé en main | Déménagement Zen"
  },
  {
    "slug": "valence",
    "name": "Valence (26) - Service clé en main | Déménagement Zen"
  },
  {
    "slug": "vannes",
    "name": "Vannes (56) - Service clé en main | Déménagement Zen"
  },
  {
    "slug": "versailles",
    "name": "Versailles (78) - Service clé en main | Déménagement Zen"
  },
  {
    "slug": "vesoul",
    "name": "Vesoul (70) - Service clé en main | Déménagement Zen"
  }
]